heaviness,miss_rate,bound,over_bound,saved,t_floor
1,0.0049,0.005,0.98,0.9451928640546271,228
2,0.0492,0.005,9.84,0.9378736857723005,228
3,0.10935,0.005,21.87,0.9331818010101055,228
4,0.1586,0.005,31.72,0.9302385743358703,228
6,0.23375,0.005,46.75,0.9271324934562101,228
8,0.2824,0.005,56.48,0.9259319693741279,228
