eps,t_floor,miss_rate,bound,saved
0.05,146,0.0269,0.025,0.9617365628696631
0.02,193,0.0104,0.01,0.9520990390756283
0.01,228,0.0052,0.005,0.9450657227431416
0.005,263,0.00275,0.0025,0.9380804845107437
0.002,308,0.0013,0.001,0.9291336676666964
0.001,342,0.00075,0.0005,0.9223871077797254
